{
  "navigation": [
    {
      "id": 1,
      "name": "Главная",
      "link": "/"
    },
    {
      "id": 2,
      "name": "О нас",
      "link": "/about"
    },
    {
      "id": 3,
      "name": "Меню",
      "link": "/menu"
    },
    {
      "id": 4,
      "name": "Контакты",
      "link": "/contacts"
    }
  ],
  "categories": [
    {
      "id": 1,
      "name": "Суши"
    },
    {
      "id": 2,
      "name": "Сеты"
    },
    {
      "id": 3,
      "name": "Супы"
    },
    {
      "id": 4,
      "name": "Паста / Лапша / Рис"
    },
    {
      "id": 5,
      "name": "Основные блюда"
    },
    {
      "id": 6,
      "name": "Закуски"
    }
  ],
  "menu": [
    {
      "id": 1,
      "title": "Горячий лосось",
      "image": "1.jpg",
      "description": "Запеченное блюдо. Рис, филе лосося, соус Майонез с Масаго, водоросли Нори",
      "price": "109",
      "categoryId": 1,
      "popular": false,
      "info": [
        {
          "name": "Вес",
          "value": "34 г"
        },
        {
          "name": "Белки, г",
          "value": "11,70"
        },
        {
          "name": "Жиры, г",
          "value": "10,80"
        },
        {
          "name": "Углеводы, г",
          "value": "17,20"
        },
        {
          "name": "Калории, ккал",
          "value": "213,20"
        }
      ]
    },
    {
      "id": 2,
      "title": "Лосось",
      "image": "2.jpg",
      "description": "Рис, филе лосося",
      "price": 109,
      "categoryId": 1,
      "popular": false,
      "info": [
        {
          "name": "Вес",
          "value": "30 г"
        },
        {
          "name": "Белки, г",
          "value": "9,00"
        },
        {
          "name": "Жиры, г",
          "value": "4,90"
        },
        {
          "name": "Углеводы, г",
          "value": "21,00"
        },
        {
          "name": "Калории, ккал",
          "value": "164,30"
        }
      ]
    },
    {
      "id": 3,
      "title": "Горячие мидии",
      "image": "3.jpg",
      "description": "Запеченное блюдо. Рис, замес из мидий (майонез, икра Масаго, мясо мидий), водоросли Нори",
      "price": 99,
      "categoryId": 1,
      "popular": false,
      "info": [
        {
          "name": "Вес",
          "value": "34 г"
        },
        {
          "name": "Белки, г",
          "value": "9,90"
        },
        {
          "name": "Жиры, г",
          "value": "7,60"
        },
        {
          "name": "Углеводы, г",
          "value": "18,70"
        },
        {
          "name": "Калории, ккал",
          "value": "182,80"
        }
      ]
    },
    {
      "id": 4,
      "title": "Острая креветка",
      "image": "4.jpg",
      "description": "Рис, креветка вареная, соус Спайси (майонез, острый перечный соус Шрирача), водоросли Нори",
      "price": 109,
      "categoryId": 1,
      "popular": false,
      "info": [
        {
          "name": "Вес",
          "value": "30 г"
        },
        {
          "name": "Белки, г",
          "value": "10,50"
        },
        {
          "name": "Жиры, г",
          "value": "7,70"
        },
        {
          "name": "Углеводы, г",
          "value": "18,50"
        },
        {
          "name": "Калории, ккал",
          "value": "185,90"
        }
      ]
    },
    {
      "id": 5,
      "title": "Сет Зодиак",
      "image": "5.jpg",
      "description": "Ролл Тори Хот запеченный, Ролл Торонто, Ролл Филадельфия скай, Ролл Фурай жареный, Ролл Честер жареный, Ролл Шанхай запеченный",
      "price": 1499,
      "categoryId": 2,
      "popular": true,
      "info": [
        {
          "name": "Вес",
          "value": "1443 г"
        },
        {
          "name": "Белки, г",
          "value": "6,30"
        },
        {
          "name": "Жиры, г",
          "value": "8,50"
        },
        {
          "name": "Углеводы, г",
          "value": "24,90"
        },
        {
          "name": "Калории, ккал",
          "value": "201,10"
        }
      ]
    },
    {
      "id": 6,
      "title": "Сет Два Штата",
      "image": "6.jpg",
      "description": "Ассорти роллов, 28 шт: ролл Калифорнийский с креветкой, ролл Калифорния в кунжуте, ролл Филадельфия с лососем,  ролл Филадельфия с креветкой",
      "price": 1299,
      "categoryId": 2,
      "popular": false,
      "info": [
        {
          "name": "Вес",
          "value": "768 г"
        },
        {
          "name": "Белки, г",
          "value": "6,90"
        },
        {
          "name": "Жиры, г",
          "value": "7,90"
        },
        {
          "name": "Углеводы, г",
          "value": "19,70"
        },
        {
          "name": "Калории, ккал",
          "value": "177,70"
        }
      ]
    },
    {
      "id": 7,
      "title": "Сет Темпура",
      "image": "7.jpg",
      "description": "Ассорти жареных роллов, 18 шт: ролл Калифорния жареный, ролл Темпура с креветкой жареный, 1/2 ролла Мураками жаренного",
      "price": 699,
      "categoryId": 2,
      "popular": false,
      "info": [
        {
          "name": "Вес",
          "value": "527 г"
        },
        {
          "name": "Белки, г",
          "value": "6,20"
        },
        {
          "name": "Жиры, г",
          "value": "13,80"
        },
        {
          "name": "Углеводы, г",
          "value": "22,20"
        },
        {
          "name": "Калории, ккал",
          "value": "237,90"
        }
      ]
    },
    {
      "id": 8,
      "title": "Сет Классика",
      "image": "8.jpg",
      "description": "Ассорти роллов, 26 шт:  ролл Калифорния, ролл Огурец, ролл острый лосось, ролл острый с креветкой",
      "price": 729,
      "categoryId": 2,
      "popular": true,
      "info": [
        {
          "name": "Вес",
          "value": "550 г"
        },
        {
          "name": "Белки, г",
          "value": "7,10"
        },
        {
          "name": "Жиры, г",
          "value": "5,20"
        },
        {
          "name": "Углеводы, г",
          "value": "25,80"
        },
        {
          "name": "Калории, ккал",
          "value": "177,50"
        }
      ]
    },
    {
      "id": 9,
      "title": "Суп Том Ям. Версия 2.0",
      "image": "9.jpg",
      "description": "Пряно-острый бульон Том Ям на основе куриного бульона, кокосового молока и пасты Том Ям, помидоры черри, креветки, кальмары, грибы вешенки; рис отварной с кунжутом; лимон, перец острый стручковый,  кинза свежая",
      "price": 389,
      "categoryId": 3,
      "popular": false,
      "info": [
        {
          "name": "Вес",
          "value": "518 г"
        },
        {
          "name": "Белки, г",
          "value": "5,14"
        },
        {
          "name": "Жиры, г",
          "value": "5,00"
        },
        {
          "name": "Углеводы, г",
          "value": "19,41"
        },
        {
          "name": "Калории, ккал",
          "value": "147,53"
        }
      ]
    },
    {
      "id": 10,
      "title": "Суп Рамен Торикацу",
      "image": "10.jpg",
      "description": "Куриный бульон с добавлением мисо пасты, куриное филе в хрустящей панировке, жареное во фритюре; лапша яичная, яичный желток, консервированная кукуруза, перец острый стручковый, лук зеленый, сухие водоросли Нори",
      "price": 269,
      "categoryId": 3,
      "popular": false,
      "info": [
        {
          "name": "Вес",
          "value": "495 г"
        },
        {
          "name": "Белки, г",
          "value": "7,70"
        },
        {
          "name": "Жиры, г",
          "value": "6,20"
        },
        {
          "name": "Углеводы, г",
          "value": "26,90"
        },
        {
          "name": "Калории, ккал",
          "value": "193,70"
        }
      ]
    },
    {
      "id": 11,
      "title": "Эби темпура удон",
      "image": "11.jpg",
      "description": "Суп на рыбном бульоне с пшеничной лапшой, креветками в хрустящей панировке и имбирем",
      "price": 329,
      "categoryId": 3,
      "popular": false,
      "info": [
        {
          "name": "Вес",
          "value": "380 г"
        },
        {
          "name": "Белки, г",
          "value": "3,40"
        },
        {
          "name": "Жиры, г",
          "value": "2,20"
        },
        {
          "name": "Углеводы, г",
          "value": "13,10"
        },
        {
          "name": "Калории, ккал",
          "value": "85,60"
        }
      ]
    },
    {
      "id": 12,
      "title": "Вьетнамский ФоБо с говядиной",
      "image": "12.jpg",
      "description": "Пряный ароматный суп на основе говяжьего бульона с мраморной говядиной, лапшой и зеленью.",
      "price": 289,
      "categoryId": 3,
      "popular": false,
      "info": [
        {
          "name": "Вес",
          "value": "415 г"
        },
        {
          "name": "Белки, г",
          "value": "2,00"
        },
        {
          "name": "Жиры, г",
          "value": "1,00"
        },
        {
          "name": "Углеводы, г",
          "value": "8,70"
        },
        {
          "name": "Калории, ккал",
          "value": "52,10"
        }
      ]
    },
    {
      "id": 13,
      "title": "Лапша Том Ям с креветками",
      "image": "13.jpg",
      "description": "Жареное блюдо. Лапша из рисового крахмала, бульон Том Ям, молоко кокосовое,  креветки, паста острая Том Ям, шампиньоны, грибы вешенки, лук зеленый, чеснок, корень имбиря, перец острый стручковый, кинза, лепестки арахиса",
      "price": 419,
      "categoryId": 4,
      "popular": true,
      "info": [
        {
          "name": "Вес",
          "value": "346 г"
        },
        {
          "name": "Белки, г",
          "value": "4,52"
        },
        {
          "name": "Жиры, г",
          "value": "9,00"
        },
        {
          "name": "Углеводы, г",
          "value": "17,33"
        },
        {
          "name": "Калории, ккал",
          "value": "171,30"
        }
      ]
    },
    {
      "id": 14,
      "title": "Лапша Удон с говядиной и овощами",
      "image": "14.jpg",
      "description": "Пшеничная лапша с мраморной говядиной, миксом овощей, устричным соусом и зелёным луком. Подается в боуле.",
      "price": 339,
      "categoryId": 4,
      "popular": false,
      "info": [
        {
          "name": "Вес",
          "value": "322 г"
        },
        {
          "name": "Белки, г",
          "value": "5,80"
        },
        {
          "name": "Жиры, г",
          "value": "7,30"
        },
        {
          "name": "Углеводы, г",
          "value": "16,10"
        },
        {
          "name": "Калории, ккал",
          "value": "153,20"
        }
      ]
    },
    {
      "id": 15,
      "title": "Стеклянная лапша с курицей и креветками",
      "image": "15.jpg",
      "description": "Рисовая лапша с креветками, филе куриного бедра, древесными грибами, соусом терияки с имбирём, огурцами, кинзой и болгарским перцем. Подается в боуле.",
      "price": 359,
      "categoryId": 4,
      "popular": false,
      "info": [
        {
          "name": "Вес",
          "value": "304 г"
        },
        {
          "name": "Белки, г",
          "value": "5,50"
        },
        {
          "name": "Жиры, г",
          "value": "6,00"
        },
        {
          "name": "Углеводы, г",
          "value": "10,00"
        },
        {
          "name": "Калории, ккал",
          "value": "116,20"
        }
      ]
    },
    {
      "id": 16,
      "title": "Жареный рис с морепродуктами",
      "image": "16.jpg",
      "description": "Жареный рис с кальмарами, мидиями, креветками, миксом овощей, кунжутом, соевым соусом и кунжутным маслом. Подаётся с куриным яйцом в боуле.",
      "price": 379,
      "categoryId": 4,
      "popular": false,
      "info": [
        {
          "name": "Вес",
          "value": "391 г"
        },
        {
          "name": "Белки, г",
          "value": "8,60"
        },
        {
          "name": "Жиры, г",
          "value": "9,20"
        },
        {
          "name": "Углеводы, г",
          "value": "14,70"
        },
        {
          "name": "Калории, ккал",
          "value": "176,10"
        }
      ]
    },
    {
      "id": 17,
      "title": "Тонкацу из свинины",
      "image": "17.jpg",
      "description": "Жареное во фритюре блюдо. Шейка свиная в хрустящей панировке, салат из белокачанной капусты с грибами шиитакэ и азиатским соево-уксусным дрессингом с добавлением сока юдзу и трюфельного масла; помидоры севиче, кинза свежая, кунжут, соус перечно-уксусный с добавлением мисо пасты и чеснока",
      "price": 349,
      "categoryId": 5,
      "popular": false,
      "info": [
        {
          "name": "Вес",
          "value": "165 г"
        },
        {
          "name": "Белки, г",
          "value": "7,40"
        },
        {
          "name": "Жиры, г",
          "value": "16,40"
        },
        {
          "name": "Углеводы, г",
          "value": "6,30"
        },
        {
          "name": "Калории, ккал",
          "value": "201,90"
        }
      ]
    },
    {
      "id": 18,
      "title": "Овощи в терияки соусе на рисе",
      "image": "18.jpg",
      "description": "Тушеное блюдо. Брокколи, фасоль стручковая, шампиньоны, помидоры черри, соус терияки; рис отварной, кинза свежая, кунжут",
      "price": 229,
      "categoryId": 5,
      "popular": false,
      "info": [
        {
          "name": "Вес",
          "value": "281 г"
        },
        {
          "name": "Белки, г",
          "value": "2,30"
        },
        {
          "name": "Жиры, г",
          "value": "5,20"
        },
        {
          "name": "Углеводы, г",
          "value": "17,70"
        },
        {
          "name": "Калории, ккал",
          "value": "126,90"
        }
      ]
    },
    {
      "id": 19,
      "title": "Филе белой рыбы в хрустящем тесте с брокколи и сливочным соусом",
      "image": "19.jpg",
      "description": "Жареное блюдо. Филе трески/камбалы в крустящем тесте-кляре (обжаренное во фритюре), капуста брокколи со сливочным маслом и цитрусовым соусом Понзу, соус сливочный, соус песто, икра красная",
      "price": 439,
      "categoryId": 5,
      "popular": true,
      "info": [
        {
          "name": "Вес",
          "value": "140 г"
        },
        {
          "name": "Белки, г",
          "value": "7,70"
        },
        {
          "name": "Жиры, г",
          "value": "11,60"
        },
        {
          "name": "Углеводы, г",
          "value": "13,00"
        },
        {
          "name": "Калории, ккал",
          "value": "187,10"
        }
      ]
    },
    {
      "id": 20,
      "title": "Курица в соусе Терияки с рисом",
      "image": "20.jpg",
      "description": "Кусочки обжаренного куриного окорочка в соусе терияки, с зелёным луком, кунжутом и острой приправой сичими тогараши. Подаётся с отварным рисом в боуле.",
      "price": 299,
      "categoryId": 5,
      "popular": false,
      "info": [
        {
          "name": "Вес",
          "value": "316 г"
        },
        {
          "name": "Белки, г",
          "value": "7,20"
        },
        {
          "name": "Жиры, г",
          "value": "4,90"
        },
        {
          "name": "Углеводы, г",
          "value": "19,20"
        },
        {
          "name": "Калории, ккал",
          "value": "149,90"
        }
      ]
    },
    {
      "id": 21,
      "title": "Креветки в воздушном кляре с соусом манго чили",
      "image": "21.jpg",
      "description": "Креветки в кляре, жареные во фритюре, соус манго чили майонез, лайм, острая приправа Тогараши",
      "price": 329,
      "categoryId": 6,
      "popular": false,
      "info": [
        {
          "name": "Вес",
          "value": "90 г"
        },
        {
          "name": "Белки, г",
          "value": "10,50"
        },
        {
          "name": "Жиры, г",
          "value": "10,70"
        },
        {
          "name": "Углеводы, г",
          "value": "14,20"
        },
        {
          "name": "Калории, ккал",
          "value": "195,50"
        }
      ]
    },
    {
      "id": 22,
      "title": "Куриные крылышки в соусе Барбекю по-китайски",
      "image": "22.jpg",
      "description": "Жареное во фритюре блюдо. Куриные крылья в хрустящей панировке в пряном томатно-соевом соусе Барбекю по-китайски с добавлением  куриного бульона; кинза свежая, кунжут",
      "price": 299,
      "categoryId": 6,
      "popular": true,
      "info": [
        {
          "name": "Вес",
          "value": "252 г"
        },
        {
          "name": "Белки, г",
          "value": "11,80"
        },
        {
          "name": "Жиры, г",
          "value": "14,80"
        },
        {
          "name": "Углеводы, г",
          "value": "21,90"
        },
        {
          "name": "Калории, ккал",
          "value": "268,40"
        }
      ]
    },
    {
      "id": 23,
      "title": "Мидии в сливочном соусе",
      "image": "23.jpg",
      "description": "С чесночным маслом, сливками и белым вином.",
      "price": 489,
      "categoryId": 6,
      "popular": false,
      "info": [
        {
          "name": "Вес",
          "value": "130 г"
        },
        {
          "name": "Белки, г",
          "value": "12,90"
        },
        {
          "name": "Жиры, г",
          "value": "17,90"
        },
        {
          "name": "Углеводы, г",
          "value": "3,70"
        },
        {
          "name": "Калории, ккал",
          "value": "227,20"
        }
      ]
    },
    {
      "id": 24,
      "title": "Чикен Лемон",
      "image": "24.jpg",
      "description": "Жареное во фритюре блюдо. Филе куриного окорочка в хрустящей панировке в соусе сладкий чили с добавлением лимонного концентрата; кинза свежая, цедра лимона, кунжут кимчи острый",
      "price": 279,
      "categoryId": 6,
      "popular": true,
      "info": [
        {
          "name": "Вес",
          "value": "279 г"
        },
        {
          "name": "Белки, г",
          "value": "10,64"
        },
        {
          "name": "Жиры, г",
          "value": "10,00"
        },
        {
          "name": "Углеводы, г",
          "value": "21,38"
        },
        {
          "name": "Калории, ккал",
          "value": "221,57"
        }
      ]
    }
  ],
  "users": [
    {
      "id": 1,
      "login": "admin",
      "password": "123"
    }
  ]
}